pubs/subs,registries,average,sub messages
1/1,1,0.00089027,2000
2/1,1,0.00082643,2000
3/1,1,0.00086056,2000
4/1,1,0.00120585,1000
5/1,1,0.0010318,1000
10/1,1,0.001022,1000
20/1,1,0.00137704,1000
