pubs/subs,registries,average,sub messages
1/1,1,0.00103528,3000
2/1,1,0.00130515,3000
3/1,1,0.00145393,3000
4/1,1,0.00092008,3000
5/1,1,0.00309956,3000
10/1,1,0.00185913,3000
20/1,1,0.00146815,1000
